family,city,slug,base,vs,title_sim,meta_sim,h1_sim,body_jaccard,body_seq,base_len,vs_len,oneLiner_shared,base_robots,vs_robots,schema_both,codes,note,brands_200
seasonal:spring-in,paris,spring-in-paris,gotript,numiworks,1.0,1.0,1.0,0.28,0.15,3054,8548,Y,index,index,Y,"gotript:200,gobookt:308,numiworks:200,stayviaowner:200",,
seasonal:spring-in,paris,spring-in-paris,gotript,stayviaowner,1.0,1.0,1.0,0.8,0.8,3054,2770,Y,index,"noindex, follow",Y,"gotript:200,gobookt:308,numiworks:200,stayviaowner:200",,
seasonal:spring-in,rome,spring-in-rome,gotript,numiworks,1.0,1.0,1.0,0.27,0.02,3000,8624,Y,index,index,Y,"gotript:200,gobookt:308,numiworks:200,stayviaowner:200",,
seasonal:spring-in,rome,spring-in-rome,gotript,stayviaowner,1.0,1.0,1.0,0.8,0.8,3000,2722,Y,index,"noindex, follow",Y,"gotript:200,gobookt:308,numiworks:200,stayviaowner:200",,
seasonal:spring-in,tokyo,spring-in-tokyo,gotript,numiworks,1.0,1.0,1.0,0.28,0.02,3055,8464,Y,index,index,Y,"gotript:200,gobookt:308,numiworks:200,stayviaowner:200",,
seasonal:spring-in,tokyo,spring-in-tokyo,gotript,stayviaowner,1.0,1.0,1.0,0.8,0.8,3055,2771,Y,index,"noindex, follow",Y,"gotript:200,gobookt:308,numiworks:200,stayviaowner:200",,
seasonal:spring-in,barcelona,spring-in-barcelona,gotript,numiworks,1.0,1.0,1.0,0.27,0.03,3325,8922,Y,index,index,Y,"gotript:200,gobookt:308,numiworks:200,stayviaowner:200",,
seasonal:spring-in,barcelona,spring-in-barcelona,gotript,stayviaowner,1.0,1.0,1.0,0.8,0.81,3325,3017,Y,index,"noindex, follow",Y,"gotript:200,gobookt:308,numiworks:200,stayviaowner:200",,
seasonal:spring-in,lisbon,spring-in-lisbon,gotript,numiworks,1.0,1.0,1.0,0.28,0.14,3117,8193,Y,index,index,Y,"gotript:200,gobookt:308,numiworks:200,stayviaowner:200",,
seasonal:spring-in,lisbon,spring-in-lisbon,gotript,stayviaowner,1.0,1.0,1.0,0.8,0.78,3117,2827,Y,index,"noindex, follow",Y,"gotript:200,gobookt:308,numiworks:200,stayviaowner:200",,
seasonal:spring-in,dubai,spring-in-dubai,gotript,numiworks,1.0,1.0,1.0,0.3,0.03,3073,8900,Y,index,index,Y,"gotript:200,gobookt:308,numiworks:200,stayviaowner:200",,
seasonal:spring-in,dubai,spring-in-dubai,gotript,stayviaowner,1.0,1.0,1.0,0.81,0.77,3073,2789,Y,index,"noindex, follow",Y,"gotript:200,gobookt:308,numiworks:200,stayviaowner:200",,
seasonal:spring-in,bangkok,spring-in-bangkok,gotript,numiworks,1.0,1.0,1.0,0.28,0.01,3194,8723,Y,index,index,Y,"gotript:200,gobookt:308,numiworks:200,stayviaowner:200",,
seasonal:spring-in,bangkok,spring-in-bangkok,gotript,stayviaowner,1.0,1.0,1.0,0.8,0.8,3194,2898,Y,index,"noindex, follow",Y,"gotript:200,gobookt:308,numiworks:200,stayviaowner:200",,
seasonal:spring-in,mexico-city,spring-in-mexico-city,gotript,numiworks,1.0,1.0,1.0,0.28,0.16,3426,8449,Y,index,index,Y,"gotript:200,gobookt:308,numiworks:200,stayviaowner:200",,
seasonal:spring-in,mexico-city,spring-in-mexico-city,gotript,stayviaowner,1.0,1.0,1.0,0.8,0.82,3426,3106,Y,index,"noindex, follow",Y,"gotript:200,gobookt:308,numiworks:200,stayviaowner:200",,
seasonal:spring-in,cape-town,spring-in-cape-town,gotript,numiworks,1.0,1.0,1.0,0.29,0.15,3316,8500,Y,index,index,Y,"gotript:200,gobookt:308,numiworks:200,stayviaowner:200",,
seasonal:spring-in,cape-town,spring-in-cape-town,gotript,stayviaowner,1.0,1.0,1.0,0.8,0.81,3316,3008,Y,index,"noindex, follow",Y,"gotript:200,gobookt:308,numiworks:200,stayviaowner:200",,
seasonal:spring-in,reykjavik,spring-in-reykjavik,gotript,numiworks,1.0,1.0,1.0,0.29,0.02,3277,8605,Y,index,index,Y,"gotript:200,gobookt:308,numiworks:200,stayviaowner:200",,
seasonal:spring-in,reykjavik,spring-in-reykjavik,gotript,stayviaowner,1.0,1.0,1.0,0.8,0.81,3277,2969,Y,index,"noindex, follow",Y,"gotript:200,gobookt:308,numiworks:200,stayviaowner:200",,
occasion:bachelor-party,paris,bachelor-party-in-paris,gotript,numiworks,1.0,1.0,1.0,0.3,0.01,3096,8073,Y,index,index,Y,"gotript:200,gobookt:308,numiworks:200,stayviaowner:200",,
occasion:bachelor-party,paris,bachelor-party-in-paris,gotript,stayviaowner,1.0,1.0,1.0,0.81,0.8,3096,2812,Y,index,"noindex, follow",Y,"gotript:200,gobookt:308,numiworks:200,stayviaowner:200",,
occasion:bachelor-party,rome,bachelor-party-in-rome,gotript,numiworks,1.0,1.0,1.0,0.27,0.03,3042,8554,Y,index,index,Y,"gotript:200,gobookt:308,numiworks:200,stayviaowner:200",,
occasion:bachelor-party,rome,bachelor-party-in-rome,gotript,stayviaowner,1.0,1.0,1.0,0.81,0.77,3042,2764,Y,index,"noindex, follow",Y,"gotript:200,gobookt:308,numiworks:200,stayviaowner:200",,
occasion:bachelor-party,tokyo,bachelor-party-in-tokyo,gotript,numiworks,1.0,1.0,1.0,0.27,0.16,3097,8290,Y,index,index,Y,"gotript:200,gobookt:308,numiworks:200,stayviaowner:200",,
occasion:bachelor-party,tokyo,bachelor-party-in-tokyo,gotript,stayviaowner,1.0,1.0,1.0,0.8,0.8,3097,2813,Y,index,"noindex, follow",Y,"gotript:200,gobookt:308,numiworks:200,stayviaowner:200",,
occasion:bachelor-party,barcelona,bachelor-party-in-barcelona,gotript,numiworks,1.0,1.0,1.0,0.29,0.16,3367,8421,Y,index,index,Y,"gotript:200,gobookt:308,numiworks:200,stayviaowner:200",,
occasion:bachelor-party,barcelona,bachelor-party-in-barcelona,gotript,stayviaowner,1.0,1.0,1.0,0.81,0.79,3367,3059,Y,index,"noindex, follow",Y,"gotript:200,gobookt:308,numiworks:200,stayviaowner:200",,
occasion:bachelor-party,lisbon,bachelor-party-in-lisbon,gotript,numiworks,1.0,1.0,1.0,0.3,0.04,3159,8514,Y,index,index,Y,"gotript:200,gobookt:308,numiworks:200,stayviaowner:200",,
occasion:bachelor-party,lisbon,bachelor-party-in-lisbon,gotript,stayviaowner,1.0,1.0,1.0,0.81,0.78,3159,2869,Y,index,"noindex, follow",Y,"gotript:200,gobookt:308,numiworks:200,stayviaowner:200",,
occasion:bachelor-party,dubai,bachelor-party-in-dubai,gotript,numiworks,1.0,1.0,1.0,0.31,0.02,3115,8395,Y,index,index,Y,"gotript:200,gobookt:308,numiworks:200,stayviaowner:200",,
occasion:bachelor-party,dubai,bachelor-party-in-dubai,gotript,stayviaowner,1.0,1.0,1.0,0.81,0.78,3115,2831,Y,index,"noindex, follow",Y,"gotript:200,gobookt:308,numiworks:200,stayviaowner:200",,
occasion:bachelor-party,bangkok,bachelor-party-in-bangkok,gotript,numiworks,1.0,1.0,1.0,0.29,0.02,3236,8543,Y,index,index,Y,"gotript:200,gobookt:308,numiworks:200,stayviaowner:200",,
occasion:bachelor-party,bangkok,bachelor-party-in-bangkok,gotript,stayviaowner,1.0,1.0,1.0,0.81,0.81,3236,2940,Y,index,"noindex, follow",Y,"gotript:200,gobookt:308,numiworks:200,stayviaowner:200",,
occasion:bachelor-party,mexico-city,bachelor-party-in-mexico-city,gotript,numiworks,1.0,1.0,1.0,0.31,0.04,3468,8468,Y,index,index,Y,"gotript:200,gobookt:308,numiworks:200,stayviaowner:200",,
occasion:bachelor-party,mexico-city,bachelor-party-in-mexico-city,gotript,stayviaowner,1.0,1.0,1.0,0.81,0.82,3468,3148,Y,index,"noindex, follow",Y,"gotript:200,gobookt:308,numiworks:200,stayviaowner:200",,
occasion:bachelor-party,cape-town,bachelor-party-in-cape-town,gotript,numiworks,1.0,1.0,1.0,0.29,0.16,3358,8409,Y,index,index,Y,"gotript:200,gobookt:308,numiworks:200,stayviaowner:200",,
occasion:bachelor-party,cape-town,bachelor-party-in-cape-town,gotript,stayviaowner,1.0,1.0,1.0,0.81,0.79,3358,3050,Y,index,"noindex, follow",Y,"gotript:200,gobookt:308,numiworks:200,stayviaowner:200",,
occasion:bachelor-party,reykjavik,bachelor-party-in-reykjavik,gotript,numiworks,1.0,1.0,1.0,0.29,0.13,3319,8482,Y,index,index,Y,"gotript:200,gobookt:308,numiworks:200,stayviaowner:200",,
occasion:bachelor-party,reykjavik,bachelor-party-in-reykjavik,gotript,stayviaowner,1.0,1.0,1.0,0.81,0.81,3319,3011,Y,index,"noindex, follow",Y,"gotript:200,gobookt:308,numiworks:200,stayviaowner:200",,
occasion:honeymoon,paris,honeymoon-in-paris,gotript,numiworks,1.0,1.0,1.0,0.29,0.02,3087,8294,Y,index,index,Y,"gotript:200,gobookt:308,numiworks:200,stayviaowner:200",,
occasion:honeymoon,paris,honeymoon-in-paris,gotript,stayviaowner,1.0,1.0,1.0,0.81,0.8,3087,2803,Y,index,"noindex, follow",Y,"gotript:200,gobookt:308,numiworks:200,stayviaowner:200",,
occasion:honeymoon,rome,honeymoon-in-rome,gotript,numiworks,1.0,1.0,1.0,0.29,0.03,3033,8194,Y,index,index,Y,"gotript:200,gobookt:308,numiworks:200,stayviaowner:200",,
occasion:honeymoon,rome,honeymoon-in-rome,gotript,stayviaowner,1.0,1.0,1.0,0.81,0.8,3033,2755,Y,index,"noindex, follow",Y,"gotript:200,gobookt:308,numiworks:200,stayviaowner:200",,
occasion:honeymoon,tokyo,honeymoon-in-tokyo,gotript,numiworks,1.0,1.0,1.0,0.28,0.02,3088,8733,Y,index,index,Y,"gotript:200,gobookt:308,numiworks:200,stayviaowner:200",,
occasion:honeymoon,tokyo,honeymoon-in-tokyo,gotript,stayviaowner,1.0,1.0,1.0,0.8,0.8,3088,2804,Y,index,"noindex, follow",Y,"gotript:200,gobookt:308,numiworks:200,stayviaowner:200",,
occasion:honeymoon,barcelona,honeymoon-in-barcelona,gotript,numiworks,1.0,1.0,1.0,0.29,0.03,3358,8507,Y,index,index,Y,"gotript:200,gobookt:308,numiworks:200,stayviaowner:200",,
occasion:honeymoon,barcelona,honeymoon-in-barcelona,gotript,stayviaowner,1.0,1.0,1.0,0.81,0.82,3358,3050,Y,index,"noindex, follow",Y,"gotript:200,gobookt:308,numiworks:200,stayviaowner:200",,
occasion:honeymoon,lisbon,honeymoon-in-lisbon,gotript,numiworks,1.0,1.0,1.0,0.29,0.03,3150,8048,Y,index,index,Y,"gotript:200,gobookt:308,numiworks:200,stayviaowner:200",,
occasion:honeymoon,lisbon,honeymoon-in-lisbon,gotript,stayviaowner,1.0,1.0,1.0,0.81,0.78,3150,2860,Y,index,"noindex, follow",Y,"gotript:200,gobookt:308,numiworks:200,stayviaowner:200",,
occasion:honeymoon,dubai,honeymoon-in-dubai,gotript,numiworks,1.0,1.0,1.0,0.29,0.02,3106,8569,Y,index,index,Y,"gotript:200,gobookt:308,numiworks:200,stayviaowner:200",,
occasion:honeymoon,dubai,honeymoon-in-dubai,gotript,stayviaowner,1.0,1.0,1.0,0.81,0.78,3106,2822,Y,index,"noindex, follow",Y,"gotript:200,gobookt:308,numiworks:200,stayviaowner:200",,
occasion:honeymoon,bangkok,honeymoon-in-bangkok,gotript,numiworks,1.0,1.0,1.0,0.3,0.02,3227,8174,Y,index,index,Y,"gotript:200,gobookt:308,numiworks:200,stayviaowner:200",,
occasion:honeymoon,bangkok,honeymoon-in-bangkok,gotript,stayviaowner,1.0,1.0,1.0,0.81,0.81,3227,2931,Y,index,"noindex, follow",Y,"gotript:200,gobookt:308,numiworks:200,stayviaowner:200",,
occasion:honeymoon,mexico-city,honeymoon-in-mexico-city,gotript,numiworks,1.0,1.0,1.0,0.29,0.17,3459,8440,Y,index,index,Y,"gotript:200,gobookt:308,numiworks:200,stayviaowner:200",,
occasion:honeymoon,mexico-city,honeymoon-in-mexico-city,gotript,stayviaowner,1.0,1.0,1.0,0.81,0.82,3459,3139,Y,index,"noindex, follow",Y,"gotript:200,gobookt:308,numiworks:200,stayviaowner:200",,
occasion:honeymoon,cape-town,honeymoon-in-cape-town,gotript,numiworks,1.0,1.0,1.0,0.3,0.16,3349,8604,Y,index,index,Y,"gotript:200,gobookt:308,numiworks:200,stayviaowner:200",,
occasion:honeymoon,cape-town,honeymoon-in-cape-town,gotript,stayviaowner,1.0,1.0,1.0,0.81,0.81,3349,3041,Y,index,"noindex, follow",Y,"gotript:200,gobookt:308,numiworks:200,stayviaowner:200",,
occasion:honeymoon,reykjavik,honeymoon-in-reykjavik,gotript,numiworks,1.0,1.0,1.0,0.29,0.02,3310,8498,Y,index,index,Y,"gotript:200,gobookt:308,numiworks:200,stayviaowner:200",,
occasion:honeymoon,reykjavik,honeymoon-in-reykjavik,gotript,stayviaowner,1.0,1.0,1.0,0.81,0.81,3310,3002,Y,index,"noindex, follow",Y,"gotript:200,gobookt:308,numiworks:200,stayviaowner:200",,
things-to-do,paris,things-to-do-in-paris,numiworks,stayviaowner,1.0,0.79,1.0,0.39,0.01,9037,3913,Y,index,"noindex, follow",Y,"gotript:308,gobookt:308,numiworks:200,stayviaowner:200",,
things-to-do,rome,things-to-do-in-rome,numiworks,stayviaowner,1.0,0.8,1.0,0.41,0.01,9155,3854,Y,index,"noindex, follow",Y,"gotript:308,gobookt:308,numiworks:200,stayviaowner:200",,
things-to-do,tokyo,things-to-do-in-tokyo,numiworks,stayviaowner,1.0,0.81,1.0,0.4,0.01,9141,3892,Y,index,"noindex, follow",Y,"gotript:308,gobookt:308,numiworks:200,stayviaowner:200",,
things-to-do,barcelona,things-to-do-in-barcelona,numiworks,stayviaowner,1.0,0.82,1.0,0.41,0.01,9430,4217,Y,index,"noindex, follow",Y,"gotript:308,gobookt:308,numiworks:200,stayviaowner:200",,
things-to-do,lisbon,things-to-do-in-lisbon,numiworks,stayviaowner,1.0,0.79,1.0,0.43,0.01,9076,3973,Y,index,"noindex, follow",Y,"gotript:308,gobookt:308,numiworks:200,stayviaowner:200",,
things-to-do,dubai,things-to-do-in-dubai,numiworks,stayviaowner,1.0,0.8,1.0,0.43,0.01,8808,3933,Y,index,"noindex, follow",Y,"gotript:308,gobookt:308,numiworks:200,stayviaowner:200",,
things-to-do,bangkok,things-to-do-in-bangkok,numiworks,stayviaowner,1.0,0.83,1.0,0.4,0.01,9388,4060,Y,index,"noindex, follow",Y,"gotript:308,gobookt:308,numiworks:200,stayviaowner:200",,
things-to-do,mexico-city,things-to-do-in-mexico-city,numiworks,stayviaowner,1.0,0.84,1.0,0.37,0.01,9177,3861,Y,index,"noindex, follow",Y,"gotript:308,gobookt:308,numiworks:200,stayviaowner:200",,
things-to-do,cape-town,things-to-do-in-cape-town,numiworks,stayviaowner,1.0,0.81,1.0,0.38,0.04,9909,4203,Y,index,"noindex, follow",Y,"gotript:308,gobookt:308,numiworks:200,stayviaowner:200",,
things-to-do,reykjavik,things-to-do-in-reykjavik,numiworks,stayviaowner,1.0,0.8,1.0,0.38,0.01,9654,4217,Y,index,"noindex, follow",Y,"gotript:308,gobookt:308,numiworks:200,stayviaowner:200",,
experiences:day-trips,paris,day-trips-from-paris,gotript,numiworks,1.0,1.0,1.0,0.28,0.13,2964,8384,Y,index,index,Y,"gotript:200,gobookt:308,numiworks:200,stayviaowner:200",,
experiences:day-trips,paris,day-trips-from-paris,gotript,stayviaowner,1.0,1.0,1.0,0.8,0.79,2964,2680,Y,index,"noindex, follow",Y,"gotript:200,gobookt:308,numiworks:200,stayviaowner:200",,
experiences:day-trips,rome,day-trips-from-rome,gotript,numiworks,1.0,1.0,1.0,0.27,0.03,2910,8635,Y,index,index,Y,"gotript:200,gobookt:308,numiworks:200,stayviaowner:200",,
experiences:day-trips,rome,day-trips-from-rome,gotript,stayviaowner,1.0,1.0,1.0,0.79,0.79,2910,2632,Y,index,"noindex, follow",Y,"gotript:200,gobookt:308,numiworks:200,stayviaowner:200",,
experiences:day-trips,tokyo,day-trips-from-tokyo,gotript,numiworks,1.0,1.0,1.0,0.29,0.12,2965,8337,Y,index,index,Y,"gotript:200,gobookt:308,numiworks:200,stayviaowner:200",,
experiences:day-trips,tokyo,day-trips-from-tokyo,gotript,stayviaowner,1.0,1.0,1.0,0.79,0.79,2965,2681,Y,index,"noindex, follow",Y,"gotript:200,gobookt:308,numiworks:200,stayviaowner:200",,
experiences:day-trips,barcelona,day-trips-from-barcelona,gotript,numiworks,1.0,1.0,1.0,0.28,0.01,3235,8256,Y,index,index,Y,"gotript:200,gobookt:308,numiworks:200,stayviaowner:200",,
experiences:day-trips,barcelona,day-trips-from-barcelona,gotript,stayviaowner,1.0,1.0,1.0,0.8,0.81,3235,2927,Y,index,"noindex, follow",Y,"gotript:200,gobookt:308,numiworks:200,stayviaowner:200",,
experiences:day-trips,lisbon,day-trips-from-lisbon,gotript,numiworks,1.0,1.0,1.0,0.28,0.03,3027,8617,Y,index,index,Y,"gotript:200,gobookt:308,numiworks:200,stayviaowner:200",,
experiences:day-trips,lisbon,day-trips-from-lisbon,gotript,stayviaowner,1.0,1.0,1.0,0.8,0.77,3027,2737,Y,index,"noindex, follow",Y,"gotript:200,gobookt:308,numiworks:200,stayviaowner:200",,
experiences:day-trips,dubai,day-trips-from-dubai,gotript,numiworks,1.0,1.0,1.0,0.32,0.01,2983,7810,Y,index,index,Y,"gotript:200,gobookt:308,numiworks:200,stayviaowner:200",,
experiences:day-trips,dubai,day-trips-from-dubai,gotript,stayviaowner,1.0,1.0,1.0,0.8,0.77,2983,2699,Y,index,"noindex, follow",Y,"gotript:200,gobookt:308,numiworks:200,stayviaowner:200",,
experiences:day-trips,bangkok,day-trips-from-bangkok,gotript,numiworks,1.0,1.0,1.0,0.28,0.14,3104,8462,Y,index,index,Y,"gotript:200,gobookt:308,numiworks:200,stayviaowner:200",,
experiences:day-trips,bangkok,day-trips-from-bangkok,gotript,stayviaowner,1.0,1.0,1.0,0.8,0.8,3104,2808,Y,index,"noindex, follow",Y,"gotript:200,gobookt:308,numiworks:200,stayviaowner:200",,
experiences:day-trips,mexico-city,day-trips-from-mexico-city,gotript,numiworks,1.0,1.0,1.0,0.3,0.01,3336,7945,Y,index,index,Y,"gotript:200,gobookt:308,numiworks:200,stayviaowner:200",,
experiences:day-trips,mexico-city,day-trips-from-mexico-city,gotript,stayviaowner,1.0,1.0,1.0,0.8,0.81,3336,3016,Y,index,"noindex, follow",Y,"gotript:200,gobookt:308,numiworks:200,stayviaowner:200",,
experiences:day-trips,cape-town,day-trips-from-cape-town,gotript,numiworks,1.0,1.0,1.0,0.28,0.02,3226,8672,Y,index,index,Y,"gotript:200,gobookt:308,numiworks:200,stayviaowner:200",,
experiences:day-trips,cape-town,day-trips-from-cape-town,gotript,stayviaowner,1.0,1.0,1.0,0.8,0.81,3226,2918,Y,index,"noindex, follow",Y,"gotript:200,gobookt:308,numiworks:200,stayviaowner:200",,
experiences:day-trips,reykjavik,day-trips-from-reykjavik,gotript,numiworks,1.0,1.0,1.0,0.28,0.15,3187,8600,Y,index,index,Y,"gotript:200,gobookt:308,numiworks:200,stayviaowner:200",,
experiences:day-trips,reykjavik,day-trips-from-reykjavik,gotript,stayviaowner,1.0,1.0,1.0,0.79,0.8,3187,2879,Y,index,"noindex, follow",Y,"gotript:200,gobookt:308,numiworks:200,stayviaowner:200",,
attractions:museums,paris,museums-in-paris,gotript,stayviaowner,1.0,0.8,1.0,0.77,0.73,2967,2651,N,index,"noindex, follow",Y,"gotript:200,gobookt:308,numiworks:404,stayviaowner:200",,
attractions:museums,rome,museums-in-rome,gotript,stayviaowner,1.0,0.8,1.0,0.77,0.75,2904,2594,N,index,"noindex, follow",Y,"gotript:200,gobookt:308,numiworks:404,stayviaowner:200",,
attractions:museums,tokyo,museums-in-tokyo,gotript,stayviaowner,1.0,0.8,1.0,0.77,0.68,2954,2638,N,index,"noindex, follow",Y,"gotript:200,gobookt:308,numiworks:404,stayviaowner:200",,
attractions:museums,barcelona,museums-in-barcelona,gotript,stayviaowner,1.0,0.81,1.0,0.77,0.74,3214,2874,N,index,"noindex, follow",Y,"gotript:200,gobookt:308,numiworks:404,stayviaowner:200",,
attractions:museums,lisbon,museums-in-lisbon,gotript,stayviaowner,1.0,0.81,1.0,0.77,0.7,3031,2709,N,index,"noindex, follow",Y,"gotript:200,gobookt:308,numiworks:404,stayviaowner:200",,
attractions:museums,dubai,museums-in-dubai,gotript,stayviaowner,1.0,0.83,1.0,0.78,0.7,2991,2675,Y,index,"noindex, follow",Y,"gotript:200,gobookt:308,numiworks:404,stayviaowner:200",,
attractions:museums,bangkok,museums-in-bangkok,gotript,stayviaowner,1.0,0.81,1.0,0.77,0.69,3081,2753,Y,index,"noindex, follow",Y,"gotript:200,gobookt:308,numiworks:404,stayviaowner:200",,
attractions:museums,mexico-city,museums-in-mexico-city,gotript,stayviaowner,1.0,0.81,1.0,0.77,0.76,3306,2954,Y,index,"noindex, follow",Y,"gotript:200,gobookt:308,numiworks:404,stayviaowner:200",,
attractions:museums,cape-town,museums-in-cape-town,gotript,stayviaowner,1.0,0.82,1.0,0.77,0.74,3222,2882,Y,index,"noindex, follow",Y,"gotript:200,gobookt:308,numiworks:404,stayviaowner:200",,
attractions:museums,reykjavik,museums-in-reykjavik,gotript,stayviaowner,1.0,0.81,1.0,0.77,0.67,3187,2847,Y,index,"noindex, follow",Y,"gotript:200,gobookt:308,numiworks:404,stayviaowner:200",,
persona:with-kids,paris,paris-with-kids,gotript,numiworks,0.97,1.0,0.96,0.28,0.03,3070,8468,Y,index,index,Y,"gotript:200,gobookt:308,numiworks:200,stayviaowner:200",,
persona:with-kids,paris,paris-with-kids,gotript,stayviaowner,1.0,1.0,1.0,0.8,0.8,3070,2786,Y,index,"noindex, follow",Y,"gotript:200,gobookt:308,numiworks:200,stayviaowner:200",,
persona:with-kids,rome,rome-with-kids,gotript,numiworks,0.96,1.0,0.96,0.31,0.17,3016,8460,Y,index,index,Y,"gotript:200,gobookt:308,numiworks:200,stayviaowner:200",,
persona:with-kids,rome,rome-with-kids,gotript,stayviaowner,1.0,1.0,1.0,0.8,0.8,3016,2738,Y,index,"noindex, follow",Y,"gotript:200,gobookt:308,numiworks:200,stayviaowner:200",,
persona:with-kids,tokyo,tokyo-with-kids,gotript,numiworks,0.97,1.0,0.96,0.28,0.01,3071,8136,Y,index,index,Y,"gotript:200,gobookt:308,numiworks:200,stayviaowner:200",,
persona:with-kids,tokyo,tokyo-with-kids,gotript,stayviaowner,1.0,1.0,1.0,0.8,0.8,3071,2787,Y,index,"noindex, follow",Y,"gotript:200,gobookt:308,numiworks:200,stayviaowner:200",,
persona:with-kids,barcelona,barcelona-with-kids,gotript,numiworks,0.97,1.0,0.97,0.29,0.02,3341,8542,Y,index,index,Y,"gotript:200,gobookt:308,numiworks:200,stayviaowner:200",,
persona:with-kids,barcelona,barcelona-with-kids,gotript,stayviaowner,1.0,1.0,1.0,0.8,0.81,3341,3033,Y,index,"noindex, follow",Y,"gotript:200,gobookt:308,numiworks:200,stayviaowner:200",,
persona:with-kids,lisbon,lisbon-with-kids,gotript,numiworks,0.97,1.0,0.97,0.3,0.02,3133,7832,Y,index,index,Y,"gotript:200,gobookt:308,numiworks:200,stayviaowner:200",,
persona:with-kids,lisbon,lisbon-with-kids,gotript,stayviaowner,1.0,1.0,1.0,0.8,0.78,3133,2843,Y,index,"noindex, follow",Y,"gotript:200,gobookt:308,numiworks:200,stayviaowner:200",,
persona:with-kids,dubai,dubai-with-kids,gotript,numiworks,0.97,1.0,0.96,0.29,0.03,3089,8180,Y,index,index,Y,"gotript:200,gobookt:308,numiworks:200,stayviaowner:200",,
persona:with-kids,dubai,dubai-with-kids,gotript,stayviaowner,1.0,1.0,1.0,0.81,0.77,3089,2805,Y,index,"noindex, follow",Y,"gotript:200,gobookt:308,numiworks:200,stayviaowner:200",,
persona:with-kids,bangkok,bangkok-with-kids,gotript,numiworks,0.97,1.0,0.97,0.28,0.02,3210,8319,Y,index,index,Y,"gotript:200,gobookt:308,numiworks:200,stayviaowner:200",,
persona:with-kids,bangkok,bangkok-with-kids,gotript,stayviaowner,1.0,1.0,1.0,0.8,0.81,3210,2914,Y,index,"noindex, follow",Y,"gotript:200,gobookt:308,numiworks:200,stayviaowner:200",,
persona:with-kids,mexico-city,mexico-city-with-kids,gotript,numiworks,0.97,1.0,0.97,0.27,0.18,3442,8480,Y,index,index,Y,"gotript:200,gobookt:308,numiworks:200,stayviaowner:200",,
persona:with-kids,mexico-city,mexico-city-with-kids,gotript,stayviaowner,1.0,1.0,1.0,0.8,0.82,3442,3122,Y,index,"noindex, follow",Y,"gotript:200,gobookt:308,numiworks:200,stayviaowner:200",,
persona:with-kids,cape-town,cape-town-with-kids,gotript,numiworks,0.97,1.0,0.97,0.29,0.02,3332,8626,Y,index,index,Y,"gotript:200,gobookt:308,numiworks:200,stayviaowner:200",,
persona:with-kids,cape-town,cape-town-with-kids,gotript,stayviaowner,1.0,1.0,1.0,0.8,0.81,3332,3024,Y,index,"noindex, follow",Y,"gotript:200,gobookt:308,numiworks:200,stayviaowner:200",,
persona:with-kids,reykjavik,reykjavik-with-kids,gotript,numiworks,0.97,1.0,0.97,0.29,0.03,3293,8316,Y,index,index,Y,"gotript:200,gobookt:308,numiworks:200,stayviaowner:200",,
persona:with-kids,reykjavik,reykjavik-with-kids,gotript,stayviaowner,1.0,1.0,1.0,0.8,0.81,3293,2985,Y,index,"noindex, follow",Y,"gotript:200,gobookt:308,numiworks:200,stayviaowner:200",,
climate:weather-july,paris,paris-weather-in-july,gotript,numiworks,0.95,0.36,1.0,0.74,0.71,3637,2746,N,index,"noindex, follow",Y,"gotript:200,gobookt:308,numiworks:200,stayviaowner:200",,
climate:weather-july,paris,paris-weather-in-july,gotript,stayviaowner,1.0,1.0,1.0,0.83,0.8,3637,3360,Y,index,"noindex, follow",Y,"gotript:200,gobookt:308,numiworks:200,stayviaowner:200",,
climate:weather-july,rome,rome-weather-in-july,gotript,numiworks,0.95,0.35,1.0,0.74,0.71,3566,2698,N,index,"noindex, follow",Y,"gotript:200,gobookt:308,numiworks:200,stayviaowner:200",,
climate:weather-july,rome,rome-weather-in-july,gotript,stayviaowner,1.0,1.0,1.0,0.83,0.8,3566,3295,Y,index,"noindex, follow",Y,"gotript:200,gobookt:308,numiworks:200,stayviaowner:200",,
climate:weather-july,tokyo,tokyo-weather-in-july,gotript,numiworks,0.95,0.35,1.0,0.75,0.55,3731,2840,N,index,"noindex, follow",Y,"gotript:200,gobookt:308,numiworks:200,stayviaowner:200",,
climate:weather-july,tokyo,tokyo-weather-in-july,gotript,stayviaowner,1.0,1.0,1.0,0.84,0.81,3731,3454,Y,index,"noindex, follow",Y,"gotript:200,gobookt:308,numiworks:200,stayviaowner:200",,
climate:weather-july,barcelona,barcelona-weather-in-july,gotript,numiworks,0.96,0.35,1.0,0.73,0.71,3870,2887,N,index,"noindex, follow",Y,"gotript:200,gobookt:308,numiworks:200,stayviaowner:200",,
climate:weather-july,barcelona,barcelona-weather-in-july,gotript,stayviaowner,1.0,1.0,1.0,0.82,0.81,3870,3569,Y,index,"noindex, follow",Y,"gotript:200,gobookt:308,numiworks:200,stayviaowner:200",,
climate:weather-july,lisbon,lisbon-weather-in-july,gotript,numiworks,0.96,0.36,1.0,0.74,0.71,3680,2766,N,index,"noindex, follow",Y,"gotript:200,gobookt:308,numiworks:200,stayviaowner:200",,
climate:weather-july,lisbon,lisbon-weather-in-july,gotript,stayviaowner,1.0,1.0,1.0,0.83,0.78,3680,3397,Y,index,"noindex, follow",Y,"gotript:200,gobookt:308,numiworks:200,stayviaowner:200",,
climate:weather-july,dubai,dubai-weather-in-july,gotript,numiworks,0.95,0.36,1.0,0.75,0.72,3676,2785,N,index,"noindex, follow",Y,"gotript:200,gobookt:308,numiworks:200,stayviaowner:200",,
climate:weather-july,dubai,dubai-weather-in-july,gotript,stayviaowner,1.0,1.0,1.0,0.83,0.78,3676,3399,Y,index,"noindex, follow",Y,"gotript:200,gobookt:308,numiworks:200,stayviaowner:200",,
climate:weather-july,bangkok,bangkok-weather-in-july,gotript,numiworks,0.96,0.34,1.0,0.74,0.55,3865,2928,N,index,"noindex, follow",Y,"gotript:200,gobookt:308,numiworks:200,stayviaowner:200",,
climate:weather-july,bangkok,bangkok-weather-in-july,gotript,stayviaowner,1.0,1.0,1.0,0.83,0.81,3865,3576,Y,index,"noindex, follow",Y,"gotript:200,gobookt:308,numiworks:200,stayviaowner:200",,
climate:weather-july,mexico-city,mexico-city-weather-in-july,gotript,numiworks,0.96,0.35,1.0,0.73,0.52,3993,2964,N,index,"noindex, follow",Y,"gotript:200,gobookt:308,numiworks:200,stayviaowner:200",,
climate:weather-july,mexico-city,mexico-city-weather-in-july,gotript,stayviaowner,1.0,1.0,1.0,0.83,0.81,3993,3680,Y,index,"noindex, follow",Y,"gotript:200,gobookt:308,numiworks:200,stayviaowner:200",,
climate:weather-july,cape-town,cape-town-weather-in-july,gotript,numiworks,0.96,0.34,1.0,0.74,0.65,3865,2882,N,index,"noindex, follow",Y,"gotript:200,gobookt:308,numiworks:200,stayviaowner:200",,
climate:weather-july,cape-town,cape-town-weather-in-july,gotript,stayviaowner,1.0,1.0,1.0,0.83,0.81,3865,3564,Y,index,"noindex, follow",Y,"gotript:200,gobookt:308,numiworks:200,stayviaowner:200",,
climate:weather-july,reykjavik,reykjavik-weather-in-july,gotript,numiworks,0.92,0.34,1.0,0.73,0.53,3824,2841,N,index,"noindex, follow",Y,"gotript:200,gobookt:308,numiworks:200,stayviaowner:200",,
climate:weather-july,reykjavik,reykjavik-weather-in-july,gotript,stayviaowner,1.0,1.0,1.0,0.82,0.8,3824,3523,Y,index,"noindex, follow",Y,"gotript:200,gobookt:308,numiworks:200,stayviaowner:200",,
